"module name","license","repository"
"@fastify/busboy@2.1.1","MIT","https://github.com/fastify/busboy"
"@fontsource/inter@5.2.6","OFL-1.1","https://github.com/fontsource/font-files"
"@fontsource/roboto@5.2.6","OFL-1.1","https://github.com/fontsource/font-files"
"@jridgewell/gen-mapping@0.3.13","MIT","https://github.com/jridgewell/sourcemaps"
"@jridgewell/remapping@2.3.5","MIT","https://github.com/jridgewell/sourcemaps"
"@jridgewell/resolve-uri@3.1.2","MIT","https://github.com/jridgewell/resolve-uri"
"@jridgewell/sourcemap-codec@1.5.5","MIT","https://github.com/jridgewell/sourcemaps"
"@jridgewell/trace-mapping@0.3.30","MIT","https://github.com/jridgewell/sourcemaps"
"@noble/hashes@1.8.0","MIT","https://github.com/paulmillr/noble-hashes"
"@paralleldrive/cuid2@2.2.2","MIT","https://github.com/ericelliott/cuid2"
"@petamoriken/float16@3.9.2","MIT","https://github.com/petamoriken/float16"
"@steeze-ui/lucide-icons@1.4.1","MIT","https://github.com/steeze-ui/icons"
"@steeze-ui/svelte-icon@1.6.2","MIT","https://github.com/steeze-ui/icons"
"@sveltejs/acorn-typescript@1.0.5","MIT","https://github.com/sveltejs/acorn-typescript"
"@turf/boolean-point-in-polygon@7.2.0","MIT","https://github.com/Turfjs/turf"
"@turf/helpers@7.2.0","MIT","https://github.com/Turfjs/turf"
"@turf/invariant@7.2.0","MIT","https://github.com/Turfjs/turf"
"@types/body-parser@1.19.6","MIT","https://github.com/DefinitelyTyped/DefinitelyTyped"
"@types/connect@3.4.38","MIT","https://github.com/DefinitelyTyped/DefinitelyTyped"
"@types/estree@1.0.8","MIT","https://github.com/DefinitelyTyped/DefinitelyTyped"
"@types/express-serve-static-core@4.19.6","MIT","https://github.com/DefinitelyTyped/DefinitelyTyped"
"@types/express@4.17.23","MIT","https://github.com/DefinitelyTyped/DefinitelyTyped"
"@types/geojson@7946.0.16","MIT","https://github.com/DefinitelyTyped/DefinitelyTyped"
"@types/http-errors@2.0.5","MIT","https://github.com/DefinitelyTyped/DefinitelyTyped"
"@types/jsonwebtoken@9.0.10","MIT","https://github.com/DefinitelyTyped/DefinitelyTyped"
"@types/mime@1.3.5","MIT","https://github.com/DefinitelyTyped/DefinitelyTyped"
"@types/ms@2.1.0","MIT","https://github.com/DefinitelyTyped/DefinitelyTyped"
"@types/node@22.17.2","MIT","https://github.com/DefinitelyTyped/DefinitelyTyped"
"@types/qs@6.14.0","MIT","https://github.com/DefinitelyTyped/DefinitelyTyped"
"@types/range-parser@1.2.7","MIT","https://github.com/DefinitelyTyped/DefinitelyTyped"
"@types/rbush@4.0.0","MIT","https://github.com/DefinitelyTyped/DefinitelyTyped"
"@types/send@0.17.5","MIT","https://github.com/DefinitelyTyped/DefinitelyTyped"
"@types/serve-static@1.15.8","MIT","https://github.com/DefinitelyTyped/DefinitelyTyped"
"@vercel/blob@1.1.1","Apache-2.0","https://github.com/vercel/storage"
"acorn@8.15.0","MIT","https://github.com/acornjs/acorn"
"aria-query@5.3.2","Apache-2.0","https://github.com/A11yance/aria-query"
"async-retry@1.3.3","MIT","https://github.com/vercel/async-retry"
"atomic-sleep@1.0.0","MIT","https://github.com/davidmarkclements/atomic-sleep"
"axobject-query@4.1.0","Apache-2.0","https://github.com/A11yance/axobject-query"
"buffer-equal-constant-time@1.0.1","BSD-3-Clause","https://github.com/goinstant/buffer-equal-constant-time"
"clsx@2.1.1","MIT","https://github.com/lukeed/clsx"
"colorette@2.0.20","MIT","https://github.com/jorgebucaran/colorette"
"dateformat@4.6.3","MIT","https://github.com/felixge/node-dateformat"
"debug@4.4.1","MIT","https://github.com/debug-js/debug"
"dequal@2.0.3","MIT","https://github.com/lukeed/dequal"
"drizzle-orm@0.44.4","Apache-2.0","https://github.com/drizzle-team/drizzle-orm"
"earcut@3.0.2","ISC","https://github.com/mapbox/earcut"
"ecdsa-sig-formatter@1.0.11","Apache-2.0","https://github.com/Brightspace/node-ecdsa-sig-formatter"
"end-of-stream@1.4.5","MIT","https://github.com/mafintosh/end-of-stream"
"esm-env@1.2.2","MIT","https://github.com/benmccann/esm-env"
"esrap@2.1.0","MIT","https://github.com/sveltejs/esrap"
"exifr@7.1.3","MIT","https://github.com/MikeKovarik/exifr"
"fast-copy@3.0.2","MIT","https://github.com/planttheidea/fast-copy"
"fast-redact@3.5.0","MIT","https://github.com/davidmarkclements/fast-redact"
"fast-safe-stringify@2.1.1","MIT","https://github.com/davidmarkclements/fast-safe-stringify"
"flowbite-svelte-icons@2.3.0","MIT","https://github.com/themesberg/flowbite-svelte-icons"
"geotiff@2.1.3","MIT","https://github.com/geotiffjs/geotiff.js"
"help-me@5.0.0","MIT","https://github.com/mcollina/help-me"
"is-buffer@2.0.5","MIT","https://github.com/feross/is-buffer"
"is-node-process@1.2.0","MIT","https://github.com/mswjs/is-node-process"
"is-reference@3.0.3","MIT","https://github.com/Rich-Harris/is-reference"
"jose@4.15.9","MIT","https://github.com/panva/jose"
"joycon@3.1.1","MIT","https://github.com/egoist/joycon"
"jsonwebtoken@9.0.2","MIT","https://github.com/auth0/node-jsonwebtoken"
"jwa@1.4.2","MIT","https://github.com/brianloveswords/node-jwa"
"jwks-rsa@3.2.0","MIT","https://github.com/auth0/node-jwks-rsa"
"jws@3.2.2","MIT","https://github.com/brianloveswords/node-jws"
"lerc@3.0.0","Apache-2.0","https://github.com/Esri/lerc"
"limiter@1.1.5","MIT","https://github.com/jhurliman/node-rate-limiter"
"locate-character@3.0.0","MIT","git+https://gitlab.com/Rich-Harris/locate-character"
"lodash.clonedeep@4.5.0","MIT","https://github.com/lodash/lodash"
"lodash.includes@4.3.0","MIT","https://github.com/lodash/lodash"
"lodash.isboolean@3.0.3","MIT","https://github.com/lodash/lodash"
"lodash.isinteger@4.0.4","MIT","https://github.com/lodash/lodash"
"lodash.isnumber@3.0.3","MIT","https://github.com/lodash/lodash"
"lodash.isplainobject@4.0.6","MIT","https://github.com/lodash/lodash"
"lodash.isstring@4.0.1","MIT","https://github.com/lodash/lodash"
"lodash.once@4.1.1","MIT","https://github.com/lodash/lodash"
"lru-cache@6.0.0","ISC","https://github.com/isaacs/node-lru-cache"
"lru-memoizer@2.3.0","MIT","https://github.com/jfromaniello/lru-memoizer"
"magic-string@0.30.17","MIT","https://github.com/rich-harris/magic-string"
"minimist@1.2.8","MIT","https://github.com/minimistjs/minimist"
"ms@2.1.3","MIT","https://github.com/vercel/ms"
"ol@10.6.1","BSD-2-Clause","https://github.com/openlayers/openlayers"
"on-exit-leak-free@2.1.2","MIT","https://github.com/mcollina/on-exit-or-gc"
"once@1.4.0","ISC","https://github.com/isaacs/once"
"ostsee-tiere@1.8.1","UNLICENSED",""
"pako@2.1.0","(MIT AND Zlib)","https://github.com/nodeca/pako"
"parse-headers@2.0.6","MIT","https://github.com/kesla/parse-headers"
"pbf@4.0.1","BSD-3-Clause","https://github.com/mapbox/pbf"
"pino-abstract-transport@2.0.0","MIT","https://github.com/pinojs/pino-abstract-transport"
"pino-pretty@13.1.1","MIT","https://github.com/pinojs/pino-pretty"
"pino-std-serializers@7.0.0","MIT","https://github.com/pinojs/pino-std-serializers"
"pino@9.9.0","MIT","https://github.com/pinojs/pino"
"point-in-polygon-hao@1.2.4","MIT","https://github.com/rowanwins/point-in-polygon-hao"
"postgres@3.4.7","Unlicense","https://github.com/porsager/postgres"
"process-warning@5.0.0","MIT","https://github.com/fastify/process-warning"
"property-expr@2.0.6","MIT","https://github.com/jquense/expr"
"protocol-buffers-schema@3.6.0","MIT","https://github.com/mafintosh/protocol-buffers-schema"
"pump@3.0.3","MIT","https://github.com/mafintosh/pump"
"quick-format-unescaped@4.0.4","MIT","https://github.com/davidmarkclements/quick-format"
"quick-lru@6.1.2","MIT","https://github.com/sindresorhus/quick-lru"
"quickselect@3.0.0","ISC","https://github.com/mourner/quickselect"
"rbush@4.0.1","MIT","https://github.com/mourner/rbush"
"real-require@0.2.0","MIT","https://github.com/pinojs/real-require"
"resolve-protobuf-schema@2.1.0","MIT","https://github.com/mafintosh/resolve-protobuf-schema"
"retry@0.13.1","MIT","https://github.com/tim-kos/node-retry"
"robust-predicates@3.0.2","Unlicense","https://github.com/mourner/robust-predicates"
"safe-buffer@5.2.1","MIT","https://github.com/feross/safe-buffer"
"safe-stable-stringify@2.5.0","MIT","https://github.com/BridgeAR/safe-stable-stringify"
"secure-json-parse@4.0.0","BSD-3-Clause","https://github.com/fastify/secure-json-parse"
"semver@7.7.2","ISC","https://github.com/npm/node-semver"
"sonic-boom@4.2.0","MIT","https://github.com/pinojs/sonic-boom"
"split2@4.2.0","ISC","https://github.com/mcollina/split2"
"strip-json-comments@5.0.3","MIT","https://github.com/sindresorhus/strip-json-comments"
"svelte-forms-lib@2.0.1","MIT","https://github.com/tjinauyeung/svelte-forms-lib"
"svelte@5.38.1","MIT","https://github.com/sveltejs/svelte"
"tailwind-merge@3.3.1","MIT","https://github.com/dcastil/tailwind-merge"
"tailwind-variants@2.1.0","MIT","https://github.com/heroui-inc/tailwind-variants"
"tailwindcss@4.1.12","MIT","https://github.com/tailwindlabs/tailwindcss"
"thread-stream@3.1.0","MIT","https://github.com/mcollina/thread-stream"
"throttleit@2.1.0","MIT","https://github.com/sindresorhus/throttleit"
"tiny-case@1.0.3","MIT","https://github.com/jquense/tiny-case"
"toposort@2.0.2","MIT","https://github.com/marcelklehr/toposort"
"tslib@2.8.1","0BSD","https://github.com/Microsoft/tslib"
"type-fest@2.19.0","(MIT OR CC0-1.0)","https://github.com/sindresorhus/type-fest"
"undici-types@6.21.0","MIT","https://github.com/nodejs/undici"
"undici@5.29.0","MIT","https://github.com/nodejs/undici"
"web-worker@1.5.0","Apache-2.0","https://github.com/developit/web-worker"
"wrappy@1.0.2","ISC","https://github.com/npm/wrappy"
"xml-utils@1.10.2","CC0-1.0","https://github.com/DanielJDufour/xml-utils"
"yallist@4.0.0","ISC","https://github.com/isaacs/yallist"
"yup@1.7.0","MIT","https://github.com/jquense/yup"
"zimmerframe@1.1.2","MIT","https://github.com/Rich-Harris/zimmerframe"
"zstddec@0.1.0","MIT AND BSD-3-Clause","https://github.com/donmccurdy/zstddec"
